alexandria, ghcr.io/ocicl/alexandria@sha256:e433c2e076ed3bcf8641b97b00192680db2201d305efac9293539dee88c7fbf7, alexandria-20240503-8514d8e/alexandria.asd
asdf-package-system, ghcr.io/ocicl/asdf-package-system@sha256:dfacc260786f4e9e2aa13a797a7b326b58e08ea5db778421a9985b9c67362df1, asdf-package-system-20240503-61776f2/asdf-package-system.asd
atomics, ghcr.io/ocicl/atomics@sha256:47645f75191931211547cdcf578a40b24019d58f48c83d93e9055aec79c877fd, atomics-20260218-ce398c4/atomics.asd
atomics-test, ghcr.io/ocicl/atomics@sha256:47645f75191931211547cdcf578a40b24019d58f48c83d93e9055aec79c877fd, atomics-20260218-ce398c4/atomics-test.asd
autoload, ghcr.io/ocicl/mgl-pax-bootstrap@sha256:1c15644701ad5b8e441b2724c265c995437052beb52322c447816c3cc17c564a, mgl-pax-20260313-f7f9414/autoload/autoload.asd
babel, ghcr.io/ocicl/babel@sha256:9d9fcde71acc2b5c39572de4f11756a08c1d8801caa86c581b85dabaa35928b3, babel-20250905-4eaf3f2/babel.asd
babel-streams, ghcr.io/ocicl/babel@sha256:9d9fcde71acc2b5c39572de4f11756a08c1d8801caa86c581b85dabaa35928b3, babel-20250905-4eaf3f2/babel-streams.asd
babel-tests, ghcr.io/ocicl/babel@sha256:9d9fcde71acc2b5c39572de4f11756a08c1d8801caa86c581b85dabaa35928b3, babel-20250905-4eaf3f2/babel-tests.asd
binding-arrows, ghcr.io/ocicl/binding-arrows@sha256:f33632149b3fc8884e7bd6bf25ce307ffd4255cd5b62bfb30a4700c7b7ffde3f, binding-arrows-20240503-46bcba8/binding-arrows.asd
blackbird, ghcr.io/ocicl/blackbird@sha256:551b80d402a61db1a41186e6ecc70be82fd83d281465341ac423ca6fc3bfe418, blackbird-20240503-1ec17c5/blackbird.asd
blackbird-test, ghcr.io/ocicl/blackbird@sha256:551b80d402a61db1a41186e6ecc70be82fd83d281465341ac423ca6fc3bfe418, blackbird-20240503-1ec17c5/blackbird-test.asd
bordeaux-threads, ghcr.io/ocicl/bordeaux-threads@sha256:bbb32afe3987e102149cc019f4f7366a05f7a37d1503f5f86a27745e671c320a, bordeaux-threads-0.9.4/bordeaux-threads.asd
cffi, ghcr.io/ocicl/cffi@sha256:d415b2cde8431fb3e7d5fc358fccb4aaa0a028dd8819e14608b4d245d0bff9e4, cffi-20250822-dad3520/cffi.asd
cffi-examples, ghcr.io/ocicl/cffi@sha256:d415b2cde8431fb3e7d5fc358fccb4aaa0a028dd8819e14608b4d245d0bff9e4, cffi-20250822-dad3520/cffi-examples.asd
cffi-grovel, ghcr.io/ocicl/cffi@sha256:d415b2cde8431fb3e7d5fc358fccb4aaa0a028dd8819e14608b4d245d0bff9e4, cffi-20250822-dad3520/cffi-grovel.asd
cffi-libffi, ghcr.io/ocicl/cffi@sha256:d415b2cde8431fb3e7d5fc358fccb4aaa0a028dd8819e14608b4d245d0bff9e4, cffi-20250822-dad3520/cffi-libffi.asd
cffi-tests, ghcr.io/ocicl/cffi@sha256:d415b2cde8431fb3e7d5fc358fccb4aaa0a028dd8819e14608b4d245d0bff9e4, cffi-20250822-dad3520/cffi-tests.asd
cffi-toolchain, ghcr.io/ocicl/cffi@sha256:d415b2cde8431fb3e7d5fc358fccb4aaa0a028dd8819e14608b4d245d0bff9e4, cffi-20250822-dad3520/cffi-toolchain.asd
cffi-uffi-compat, ghcr.io/ocicl/cffi@sha256:d415b2cde8431fb3e7d5fc358fccb4aaa0a028dd8819e14608b4d245d0bff9e4, cffi-20250822-dad3520/cffi-uffi-compat.asd
cl-base64, ghcr.io/ocicl/cl-base64@sha256:702412dbc1ed825e275fb23e22c29527eb786bf644e47c7621bf0dbb34e17c7e, cl-base64-20240503-80496b7/cl-base64.asd
cl-base64-tests, ghcr.io/ocicl/cl-base64@sha256:702412dbc1ed825e275fb23e22c29527eb786bf644e47c7621bf0dbb34e17c7e, cl-base64-20240503-80496b7/cl-base64-tests.asd
cl-cancel, ghcr.io/ocicl/cl-cancel@sha256:b6e6387eed5027d5becb5fa18b370c1c3a755daf26bca037007018a611bcd353, cl-cancel-20260206-bec34fb/cl-cancel.asd
cl-change-case, ghcr.io/ocicl/cl-change-case@sha256:f5d0e45f9ea8ae25b63251320269e62ac78d8fb6d23da1fba78e542081740a91, cl-change-case-1.0/cl-change-case.asd
cl-postgres_plus_local-time, ghcr.io/ocicl/local-time@sha256:15dc0e56d0ff55bd2a3c597e67be1c26bd0677c230a15ad5098c5207a9df5554, local-time-20250808-c28f38e/cl-postgres+local-time.asd
cl-postgres_plus_local-time-duration, ghcr.io/ocicl/local-time-duration@sha256:69c9f2809dbaf05e94d8b5cdb75a883b2891018c4448f0414fb89d11040b131b, local-time-duration-20240503-fa20a4a/cl-postgres+local-time-duration.asd
cl-ppcre, ghcr.io/ocicl/cl-ppcre@sha256:bf073924cf4fd5957a4fd961a95d446ed0e53fa32a5002cbd2d52182874f45e5, cl-ppcre-20250606-a2ea581/cl-ppcre.asd
cl-ppcre-unicode, ghcr.io/ocicl/cl-ppcre@sha256:bf073924cf4fd5957a4fd961a95d446ed0e53fa32a5002cbd2d52182874f45e5, cl-ppcre-20250606-a2ea581/cl-ppcre-unicode.asd
cl-speedy-queue, ghcr.io/ocicl/cl-speedy-queue@sha256:11c3c23233ae74fe439147e4e392a2f57d26c7e7aa0498283fe97dfd7e52417d, cl-speedy-queue-20230808-0425c7c/cl-speedy-queue.asd
cl-unicode, ghcr.io/ocicl/cl-unicode@sha256:d98f12c1271fb3c1812a27d64dfbe95b0bc5bcfd545b71b8101874e61270b120, cl-unicode-20240503-07e7ff5/cl-unicode.asd
closer-mop, ghcr.io/ocicl/closer-mop@sha256:39ec579e68118a8be57a7882812ff31094a031f88b77f11cf4434a92261f1126, closer-mop-20260329-04db182/closer-mop.asd
com.inuoe.jzon, ghcr.io/ocicl/com.inuoe.jzon@sha256:b0cfbc3d8fb3c09526d92575b40b13a68ad93be7edeb48fd69dcea053c5611a5, jzon-20251113-f05afbb/com.inuoe.jzon.asd
com.inuoe.jzon-tests, ghcr.io/ocicl/com.inuoe.jzon@sha256:b0cfbc3d8fb3c09526d92575b40b13a68ad93be7edeb48fd69dcea053c5611a5, jzon-20251113-f05afbb/com.inuoe.jzon-tests.asd
command-line-arguments, ghcr.io/ocicl/command-line-arguments@sha256:f21c79fdae342967c60c50fda5fa412655c5a78cab729d931acfbb8bc294ed8c, command-line-arguments-20240503-5008c4e/command-line-arguments.asd
documentation-utils, ghcr.io/ocicl/documentation-utils@sha256:b2a1b3f3bcd1a738af85ae2b0168d408c177661eab6d6bbebb254e394d983f54, documentation-utils-20230511-98630dd/documentation-utils.asd
dref, ghcr.io/ocicl/mgl-pax-bootstrap@sha256:1c15644701ad5b8e441b2724c265c995437052beb52322c447816c3cc17c564a, mgl-pax-20260313-f7f9414/dref/dref.asd
dref-test, ghcr.io/ocicl/mgl-pax-bootstrap@sha256:1c15644701ad5b8e441b2724c265c995437052beb52322c447816c3cc17c564a, mgl-pax-20260313-f7f9414/dref/dref-test.asd
dref-test-package-inferred, ghcr.io/ocicl/mgl-pax-bootstrap@sha256:1c15644701ad5b8e441b2724c265c995437052beb52322c447816c3cc17c564a, mgl-pax-20260313-f7f9414/dref/test/data/dref-test-package-inferred.asd
esrap, ghcr.io/ocicl/esrap@sha256:d1748dc272d987937d759d2376dc18027efb1ed84c4b3561a367be3b4233183a, esrap-20251010-54debc5/esrap.asd
fiveam, ghcr.io/ocicl/fiveam@sha256:e283043dc8d31e8df2b214465cf5a06ea07bdbea10e600a40e17aaf9518226ac, fiveam-20240928-e43d6c8/fiveam.asd
flexi-streams, ghcr.io/ocicl/flexi-streams@sha256:95005b06a8a95c82780c75ead53810bcb273d07fcf5fe76b527f1856df9923f2, flexi-streams-20240503-4951d57/flexi-streams.asd
flexi-streams-test, ghcr.io/ocicl/flexi-streams@sha256:95005b06a8a95c82780c75ead53810bcb273d07fcf5fe76b527f1856df9923f2, flexi-streams-20240503-4951d57/flexi-streams-test.asd
float-features, ghcr.io/ocicl/float-features@sha256:584413c7c013aa8bad9fc78360e25eb4030c4ad0936f589a5a7c04d33a5f5799, float-features-20260218-daecae2/float-features.asd
fset, ghcr.io/ocicl/fset@sha256:06ed3b2b8e490fa5ddf01b23af08a5d0d5febf6633b982eab0f721f4cc3c8c15, fset-20251122-19eadf0/fset.asd
global-vars, ghcr.io/ocicl/global-vars@sha256:d197e871c9c9abc4bf31b1186f5fd28f0ca848ebe2e9dddf2d82ecee01dbdc65, global-vars-20240503-c749f32/global-vars.asd
global-vars-test, ghcr.io/ocicl/global-vars@sha256:d197e871c9c9abc4bf31b1186f5fd28f0ca848ebe2e9dddf2d82ecee01dbdc65, global-vars-20240503-c749f32/global-vars-test.asd
idna, ghcr.io/ocicl/idna@sha256:b1737dbce42904f75c724350c3e057770c7777f1f5596c6358875dfb2e542eac, idna-20240503-bf789e6/idna.asd
in-nomine, ghcr.io/ocicl/in-nomine@sha256:deec864294e9c9631e972bbf0c5a1452af17568dbe4920c6fb329861583ae252, in-nomine-20250908-24bb48d/in-nomine.asd
introspect-environment, ghcr.io/ocicl/introspect-environment@sha256:4fa482690dee130996f1d0f89b470e0e84c92f22caea7649d3b83ce3e49c78ba, introspect-environment-20240503-69a50ac/introspect-environment.asd
introspect-environment-test, ghcr.io/ocicl/introspect-environment@sha256:4fa482690dee130996f1d0f89b470e0e84c92f22caea7649d3b83ce3e49c78ba, introspect-environment-20240503-69a50ac/introspect-environment-test.asd
ironclad, ghcr.io/ocicl/ironclad@sha256:3117e5a26a3e94924074c3548c235a2b733609ed61a2731880ac9e31df55428b, ironclad-20240503-6da010f/ironclad.asd
ironclad-text, ghcr.io/ocicl/ironclad@sha256:3117e5a26a3e94924074c3548c235a2b733609ed61a2731880ac9e31df55428b, ironclad-20240503-6da010f/ironclad-text.asd
iterate, ghcr.io/ocicl/iterate@sha256:6950c55e3782d58cabbbb5753111a70d8cafab8348b7fd6f2143d9abeaab46fb, iterate-20250703-d27d7ff/iterate.asd
lisp-namespace, ghcr.io/ocicl/lisp-namespace@sha256:ae08006e0b267958c50160658c729c799c6e1c18d94eef83f2ce5cf6ab8bbd20, lisp-namespace-20240503-699fccb/lisp-namespace.asd
lisp-namespace.test, ghcr.io/ocicl/lisp-namespace@sha256:ae08006e0b267958c50160658c729c799c6e1c18d94eef83f2ce5cf6ab8bbd20, lisp-namespace-20240503-699fccb/lisp-namespace.test.asd
local-time, ghcr.io/ocicl/local-time@sha256:15dc0e56d0ff55bd2a3c597e67be1c26bd0677c230a15ad5098c5207a9df5554, local-time-20250808-c28f38e/local-time.asd
local-time-duration, ghcr.io/ocicl/local-time-duration@sha256:69c9f2809dbaf05e94d8b5cdb75a883b2891018c4448f0414fb89d11040b131b, local-time-duration-20240503-fa20a4a/local-time-duration.asd
local-time-duration-tests, ghcr.io/ocicl/local-time-duration@sha256:69c9f2809dbaf05e94d8b5cdb75a883b2891018c4448f0414fb89d11040b131b, local-time-duration-20240503-fa20a4a/tests/local-time-duration-tests.asd
log4cl, ghcr.io/ocicl/log4cl@sha256:bd33f6e5ad346892e852492e7101bc18d263f9ef2ba6192178568d1b20337112, log4cl-20240503-fe3da51/log4cl.asd
log4cl-examples, ghcr.io/ocicl/log4cl@sha256:bd33f6e5ad346892e852492e7101bc18d263f9ef2ba6192178568d1b20337112, log4cl-20240503-fe3da51/log4cl-examples.asd
log4cl.log4slime, ghcr.io/ocicl/log4cl@sha256:bd33f6e5ad346892e852492e7101bc18d263f9ef2ba6192178568d1b20337112, log4cl-20240503-fe3da51/log4cl.log4slime.asd
log4cl.log4sly, ghcr.io/ocicl/log4cl@sha256:bd33f6e5ad346892e852492e7101bc18d263f9ef2ba6192178568d1b20337112, log4cl-20240503-fe3da51/log4cl.log4sly.asd
mgl-pax, ghcr.io/ocicl/mgl-pax-bootstrap@sha256:1c15644701ad5b8e441b2724c265c995437052beb52322c447816c3cc17c564a, mgl-pax-20260313-f7f9414/mgl-pax.asd
mgl-pax-bootstrap, ghcr.io/ocicl/mgl-pax-bootstrap@sha256:1c15644701ad5b8e441b2724c265c995437052beb52322c447816c3cc17c564a, mgl-pax-20260313-f7f9414/mgl-pax-bootstrap.asd
mgl-pax-test, ghcr.io/ocicl/mgl-pax-bootstrap@sha256:1c15644701ad5b8e441b2724c265c995437052beb52322c447816c3cc17c564a, mgl-pax-20260313-f7f9414/mgl-pax-test.asd
mgl-pax.asdf, ghcr.io/ocicl/mgl-pax-bootstrap@sha256:1c15644701ad5b8e441b2724c265c995437052beb52322c447816c3cc17c564a, mgl-pax-20260313-f7f9414/mgl-pax.asdf.asd
misc-extensions, ghcr.io/ocicl/misc-extensions@sha256:bffd02c8ba19a28ecc3b9a89a3e2639d51a6f856850b7c2cdfecb779738f53af, misc-extensions-20251202-9d0fd15/misc-extensions.asd
mt19937, ghcr.io/ocicl/mt19937@sha256:49c0a25a535cd22212343c67e17635b8e05675ad9cc20aa75ce75e35e842bbe3, MT19937-20240503-78f0419/mt19937.asd
multilang-documentation-utils, ghcr.io/ocicl/documentation-utils@sha256:b2a1b3f3bcd1a738af85ae2b0168d408c177661eab6d6bbebb254e394d983f54, documentation-utils-20230511-98630dd/multilang-documentation-utils.asd
named-readtables, ghcr.io/ocicl/named-readtables@sha256:8fcaff38960701e5e23c29a22c625ab6c43393d53101c5d3f69466af8e840407, named-readtables-20260324-fb2aa15/named-readtables.asd
named-readtables-test, ghcr.io/ocicl/named-readtables@sha256:8fcaff38960701e5e23c29a22c625ab6c43393d53101c5d3f69466af8e840407, named-readtables-20260324-fb2aa15/named-readtables-test.asd
parse-declarations-1.0, ghcr.io/ocicl/parse-declarations-1.0@sha256:9305fa9624205b16fd1fc51cb1cc4282a18e50eee9ac75b66a14f6f2c5df9518, parse-declarations-20240503-549aebb/parse-declarations-1.0.asd
parse-number, ghcr.io/ocicl/parse-number@sha256:11f3f9f512871e1f96cea6b8260aa3610e34e8fd7272bbcdb210fd3c5dd8025c, parse-number-20240503-cb9e487/parse-number.asd
precise-time, ghcr.io/ocicl/precise-time@sha256:0fa8039008f0635013d25c14d50c5743c64d6a1ef64bd0e62d1785a4b9d3a873, precise-time-20260218-93ea6ae/precise-time.asd
pure-tls, ghcr.io/ocicl/pure-tls@sha256:23e5e7af9526be260d9912762dd4c33a8c1d28df303141578f5af0147e81eeb5, pure-tls-20260215-d78526b/pure-tls.asd
serapeum, ghcr.io/ocicl/serapeum@sha256:31bccc85079addd0cb5583b484b121e54fab8cb156e8919f5e7ff2ae9b1de076, serapeum-20260213-71f35c9/serapeum.asd
slynk, ghcr.io/ocicl/slynk@sha256:3571fd2a8da88873460baae3185e7b94c80699f2c3ac6dfe675180e9f246a41c, sly-20251214-b01993c/slynk/slynk.asd
spinneret, ghcr.io/ocicl/spinneret@sha256:fe119dd209d148480fbe7d4749d314ce3a33a381b1a7f2a2dde3fc195dcbc3f5, spinneret-20250819-fa70fca/spinneret.asd
split-sequence, ghcr.io/ocicl/split-sequence@sha256:3a37662eedd99c42995587b9d443c4631f25c4c523091bcca31a27b880585b8e, split-sequence-2.0.1/split-sequence.asd
str, ghcr.io/ocicl/str@sha256:685078f7554071268bca9e933392904940d6751077718a4aafaf3d0424003f26, cl-str-20250905-69ef8b4/str.asd
str.test, ghcr.io/ocicl/str@sha256:685078f7554071268bca9e933392904940d6751077718a4aafaf3d0424003f26, cl-str-20250905-69ef8b4/str.test.asd
string-case, ghcr.io/ocicl/string-case@sha256:9db2d4160b76ce1ed9f754d12f679c665593a9a436177d36380a1a8a176ec16a, string-case-20240503-718c761/string-case.asd
swank, ghcr.io/ocicl/swank@sha256:629923b353259a39aed4025a5d1290c255b66a4eaae30e7b043b66e1a7a1ed7e, slime-2.32/swank.asd
timer-wheel, ghcr.io/ocicl/timer-wheel@sha256:4a3ac1c9f78f6c9c1400ba967c5f99edb9dba4bf95c8379bb715a8f1fdbb7639, timer-wheel-20240503-6cdcb93/timer-wheel.asd
timer-wheel.examples, ghcr.io/ocicl/timer-wheel@sha256:4a3ac1c9f78f6c9c1400ba967c5f99edb9dba4bf95c8379bb715a8f1fdbb7639, timer-wheel-20240503-6cdcb93/timer-wheel.examples.asd
timer-wheel.test, ghcr.io/ocicl/timer-wheel@sha256:4a3ac1c9f78f6c9c1400ba967c5f99edb9dba4bf95c8379bb715a8f1fdbb7639, timer-wheel-20240503-6cdcb93/timer-wheel.test.asd
trivia, ghcr.io/ocicl/trivia@sha256:51db74757bc31ceaf3a643914a8ffa87825799097dea4912650e6ac62bed5209, trivia-20240904-4383dd8/trivia.asd
trivia.balland2006, ghcr.io/ocicl/trivia@sha256:51db74757bc31ceaf3a643914a8ffa87825799097dea4912650e6ac62bed5209, trivia-20240904-4383dd8/trivia.balland2006.asd
trivia.benchmark, ghcr.io/ocicl/trivia@sha256:51db74757bc31ceaf3a643914a8ffa87825799097dea4912650e6ac62bed5209, trivia-20240904-4383dd8/trivia.benchmark.asd
trivia.cffi, ghcr.io/ocicl/trivia@sha256:51db74757bc31ceaf3a643914a8ffa87825799097dea4912650e6ac62bed5209, trivia-20240904-4383dd8/trivia.cffi.asd
trivia.fset, ghcr.io/ocicl/trivia@sha256:51db74757bc31ceaf3a643914a8ffa87825799097dea4912650e6ac62bed5209, trivia-20240904-4383dd8/trivia.fset.asd
trivia.level0, ghcr.io/ocicl/trivia@sha256:51db74757bc31ceaf3a643914a8ffa87825799097dea4912650e6ac62bed5209, trivia-20240904-4383dd8/trivia.level0.asd
trivia.level1, ghcr.io/ocicl/trivia@sha256:51db74757bc31ceaf3a643914a8ffa87825799097dea4912650e6ac62bed5209, trivia-20240904-4383dd8/trivia.level1.asd
trivia.level2, ghcr.io/ocicl/trivia@sha256:51db74757bc31ceaf3a643914a8ffa87825799097dea4912650e6ac62bed5209, trivia-20240904-4383dd8/trivia.level2.asd
trivia.ppcre, ghcr.io/ocicl/trivia@sha256:51db74757bc31ceaf3a643914a8ffa87825799097dea4912650e6ac62bed5209, trivia-20240904-4383dd8/trivia.ppcre.asd
trivia.quasiquote, ghcr.io/ocicl/trivia@sha256:51db74757bc31ceaf3a643914a8ffa87825799097dea4912650e6ac62bed5209, trivia-20240904-4383dd8/trivia.quasiquote.asd
trivia.test, ghcr.io/ocicl/trivia@sha256:51db74757bc31ceaf3a643914a8ffa87825799097dea4912650e6ac62bed5209, trivia-20240904-4383dd8/trivia.test.asd
trivia.trivial, ghcr.io/ocicl/trivia@sha256:51db74757bc31ceaf3a643914a8ffa87825799097dea4912650e6ac62bed5209, trivia-20240904-4383dd8/trivia.trivial.asd
trivial-arguments, ghcr.io/ocicl/trivial-arguments@sha256:f143e340645594e6659347bbcfab442de74f6db65df24b20ef0e259e4e060a80, trivial-arguments-20260218-f77147f/trivial-arguments.asd
trivial-cltl2, ghcr.io/ocicl/trivial-cltl2@sha256:69470b4f6469314799074b9d944050dc4bcb67d5cbb2ba32c7a8899bb492f04e, trivial-cltl2-20230809-2ada872/trivial-cltl2.asd
trivial-features, ghcr.io/ocicl/trivial-features@sha256:e278e24d39060fc7d3715531b16ddd9ab7f93f22ade53e436c0b86dbae3aa065, trivial-features-1.0/trivial-features.asd
trivial-features-tests, ghcr.io/ocicl/trivial-features@sha256:e278e24d39060fc7d3715531b16ddd9ab7f93f22ade53e436c0b86dbae3aa065, trivial-features-1.0/trivial-features-tests.asd
trivial-file-size, ghcr.io/ocicl/trivial-file-size@sha256:dfe138877e024d36e51fa14b1bcabf11e99e5745baa42ef4f627438485030f5c, trivial-file-size-20250427-60fd1bf/trivial-file-size.asd
trivial-garbage, ghcr.io/ocicl/trivial-garbage@sha256:a85dcf4110ad60ae9f6c70970acceb2bf12402ce5326891643d35506059afb1d, trivial-garbage-20240503-3474f64/trivial-garbage.asd
trivial-gray-streams, ghcr.io/ocicl/trivial-gray-streams@sha256:d0cc9fb73876100ee60647524f98b5b22566fa1c3a985d79548b0d2b228f8b51, trivial-gray-streams-20240503-a7ead68/trivial-gray-streams.asd
trivial-gray-streams-test, ghcr.io/ocicl/trivial-gray-streams@sha256:d0cc9fb73876100ee60647524f98b5b22566fa1c3a985d79548b0d2b228f8b51, trivial-gray-streams-20240503-a7ead68/trivial-gray-streams-test.asd
trivial-indent, ghcr.io/ocicl/trivial-indent@sha256:2969bd1dc3cefd22fd1b0c5aeec664d4217a2593fe03bb043d8b6958aabc8b2a, trivial-indent-20250813-87b35ff/trivial-indent.asd
trivial-macroexpand-all, ghcr.io/ocicl/trivial-macroexpand-all@sha256:b23da4c2e508efe2396ec8f721cb22b8a4c076b2f0aea014a09f69dfd716d7f8, trivial-macroexpand-all-20250518-b6e4efa/trivial-macroexpand-all.asd
trivial-with-current-source-form, ghcr.io/ocicl/trivial-with-current-source-form@sha256:955baad39fb52d9d02af21ea36442c9675419c2486392279f669ada9788f3e3b, trivial-with-current-source-form-20240503-dc3fff9/trivial-with-current-source-form.asd
type-i, ghcr.io/ocicl/type-i@sha256:de5c3e7f7b72409c5ec49885eea8c6fe2e02def2846cf97f70c1c21f21a1567c, type-i-20240503-4407a68/type-i.asd
type-i.test, ghcr.io/ocicl/type-i@sha256:de5c3e7f7b72409c5ec49885eea8c6fe2e02def2846cf97f70c1c21f21a1567c, type-i-20240503-4407a68/type-i.test.asd
uffi, ghcr.io/ocicl/cffi@sha256:d415b2cde8431fb3e7d5fc358fccb4aaa0a028dd8819e14608b4d245d0bff9e4, cffi-20250822-dad3520/uffi-compat/uffi.asd
usocket, ghcr.io/ocicl/usocket@sha256:282856b819b22a4319ba30a15605ee934aa23292a471fd29ea4d3f2074b3f16d, usocket-0.8.8/usocket.asd
usocket-server, ghcr.io/ocicl/usocket@sha256:282856b819b22a4319ba30a15605ee934aa23292a471fd29ea4d3f2074b3f16d, usocket-0.8.8/usocket-server.asd
usocket-test, ghcr.io/ocicl/usocket@sha256:282856b819b22a4319ba30a15605ee934aa23292a471fd29ea4d3f2074b3f16d, usocket-0.8.8/usocket-test.asd
vom, ghcr.io/ocicl/vom@sha256:f8c3898b00ba064be339b7e0e0407aa7a0e6f029017ba63dcd5ada7816a7b87c, vom-20240815-303c3f6/vom.asd
